{"cameraMode":{"drawMode":0,"name":"Shaded","section":"Shading Mode"},"sceneLighting":false,"audioPlay":false,"sceneViewState":{"showFog":true,"showMaterialUpdate":false,"showSkybox":true,"showFlares":true,"showImageEffects":true,"showParticleSystems":true},"in2DMode":false,"pivot":{"x":3.3125412464141847,"y":-5.696967124938965,"z":1.8827972412109376},"rotation":{"x":-0.29024460911750796,"y":0.0893934816122055,"z":-0.027288060635328294,"w":-0.9524190425872803},"size":4.576778411865234,"orthographic":false}