{"cameraMode":{"drawMode":0,"name":"Shaded","section":"Shading Mode"},"sceneLighting":false,"audioPlay":false,"sceneViewState":{"showFog":true,"showMaterialUpdate":false,"showSkybox":false,"showFlares":true,"showImageEffects":true,"showParticleSystems":true},"in2DMode":false,"pivot":{"x":-9.5367431640625e-7,"y":-0.5000001788139343,"z":0.0},"rotation":{"x":0.31000328063964846,"y":-0.025673262774944307,"z":0.008365143090486527,"w":0.9503733515739441},"size":14.26889419555664,"orthographic":false}